category_1,category_2,category_3,category_4,notes,category_id
Management Occupations,,,,,1110000
,Top Executives,,,,111000
,,Chief Executives,,,111010
,,,Chief Executives,,111011
,,General and Operations Managers,,,111020
,,,General and Operations Managers,,111021
,,Legislators,,,111030
,,,Legislators,,111031
,Advertising Marketing Promotions Public Relations and Sales Managers,,,,112000
,,Advertising and Promotions Managers,,,112010
,,,Advertising and Promotions Managers,,112011
,,Marketing and Sales Managers,,,112020
,,,Marketing Managers,,112021
,,,Sales Managers,,112022
,,Public Relations and Fundraising Managers,,,112030
,,,Public Relations and Fundraising Managers,,112031
,Operations Specialties Managers,,,,113000
,,Administrative Services Managers,,,113010
,,,Administrative Services Managers,,113011
,,Computer and Information Systems Managers,,,113020
,,,Computer and Information Systems Managers,,113021
,,Financial Managers,,,113030
,,,Financial Managers,,113031
,,Industrial Production Managers,,,113050
,,,Industrial Production Managers,,113051
,,Purchasing Managers,,,113060
,,,Purchasing Managers,,113061
,,Transportation Storage and Distribution Managers,,,113070
,,,Transportation Storage and Distribution Managers,,113071
,,Compensation and Benefits Managers,,,113110
,,,Compensation and Benefits Managers,,113111
,,Human Resources Managers,,,113120
,,,Human Resources Managers,,113121
,,Training and Development Managers,,,113130
,,,Training and Development Managers,,113131
,Other Management Occupations,,,,119000
,,Farmers Ranchers and Other Agricultural Managers,,,119010
,,,Farmers Ranchers and Other Agricultural Managers,,119013
,,Construction Managers,,,119020
,,,Construction Managers,,119021
,,Education Administrators,,,119030
,,,Education Administrators Preschool and Childcare Center Program,,119031
,,,Education Administrators Elementary and Secondary School,,119032
,,,Education Administrators Postsecondary,,119033
,,,Education Administrators All Other,,119039
,,Architectural and Engineering Managers,,,119040
,,,Architectural and Engineering Managers,,119041
,,Food Service Managers,,,119050
,,,Food Service Managers,,119051
,,Funeral Service Managers,,,119060
,,,Funeral Service Managers,,119061
,,Gaming Managers,,,119070
,,,Gaming Managers,,119071
,,Lodging Managers,,,119080
,,,Lodging Managers,,119081
,,Medical and Health Services Managers,,,119110
,,,Medical and Health Services Managers,,119111
,,Natural Sciences Managers,,,119120
,,,Natural Sciences Managers,,119121
,,Postmasters and Mail Superintendents,,,119130
,,,Postmasters and Mail Superintendents,,119131
,,Property Real Estate and Community Association Managers,,,119140
,,,Property Real Estate and Community Association Managers,,119141
,,Social and Community Service Managers,,,119150
,,,Social and Community Service Managers,,119151
,,Emergency Management Directors,,,119160
,,,Emergency Management Directors,,119161
,,Miscellaneous Managers,,,119190
,,,Managers All Other,,119199
Business and Financial Operations Occupations,,,,,130000
,Business Operations Specialists,,,,131000
,,Agents and Business Managers of Artists Performers and Athletes,,,131010
,,,Agents and Business Managers of Artists Performers and Athletes,,131011
,,Buyers and Purchasing Agents,,,131020
,,,Buyers and Purchasing Agents Farm Products,,131021
,,,Wholesale and Retail Buyers Except Farm Products,,131022
,,,Purchasing Agents Except Wholesale Retail and Farm Products,,131023
,,Claims Adjusters Appraisers Examiners and Investigators,,,131030
,,,Claims Adjusters Examiners and Investigators,,131031
,,,Insurance Appraisers Auto Damage,,131032
,,Compliance Officers,,,131040
,,,Compliance Officers,,131041
,,Cost Estimators,,,131050
,,,Cost Estimators,,131051
,,Human Resources Workers,,,131070
,,,Human Resources Specialists,,131071
,,,Farm Labor Contractors,,131074
,,,Labor Relations Specialists,,131075
,,Logisticians,,,131080
,,,Logisticians,,131081
,,Management Analysts,,,131110
,,,Management Analysts,,131111
,,Meeting Convention and Event Planners,,,131120
,,,Meeting Convention and Event Planners,,131121
,,Fundraisers,,,131130
,,,Fundraisers,,131131
,,Compensation Benefits and Job Analysis Specialists,,,131140
,,,Compensation Benefits and Job Analysis Specialists,,131141
,,Training and Development Specialists,,,131150
,,,Training and Development Specialists,,131151
,,Market Research Analysts and Marketing Specialists,,,131160
,,,Market Research Analysts and Marketing Specialists,,131161  
,,Miscellaneous Business Operations Specialists,,,131190
,,,Business Operations Specialists All Other,,131199
,Financial Specialists,,,,132000
,,Accountants and Auditors,,,132010
,,,Accountants and Auditors,,132011
,,Appraisers and Assessors of Real Estate,,,132020
,,,Appraisers and Assessors of Real Estate,,132021
,,Budget Analysts,,,132030
,,,Budget Analysts,,132031
,,Credit Analysts,,,132040
,,,Credit Analysts,,132041
,,Financial Analysts and Advisors,,,132050
,,,Financial Analysts,,132051
,,,Personal Financial Advisors,,132052
,,,Insurance Underwriters,,132053
,,Financial Examiners,,,132060
,,,Financial Examiners,,132061
,,Credit Counselors and Loan Officers,,,132070
,,,Credit Counselors,,132071
,,,Loan Officers,,132072
,,Tax Examiners Collectors and Preparers and Revenue Agents,,,132080
,,,Tax Examiners and Collectors and Revenue Agents,,132081
,,,Tax Preparers,,132082
,,Miscellaneous Financial Specialists,,,132090
,,,Financial Specialists All Other,,132099
Computer and Mathematical Occupations,,,,,150000
,Computer Occupations,,,,151100
,,Computer and Information Research Scientists,,,151110
,,,Computer and Information Research Scientists,,151111
,,Computer and Information Analysts,,,151120
,,,Computer Systems Analysts,,151121
,,,Information Security Analysts,,151122
,,Software Developers and Programmers,,,151130
,,,Computer Programmers,,151131
,,,Software Developers Applications,,151132
,,,Software Developers Systems Software,,151133
,,,Web Developers,,151134
,,Database and Systems Administrators and Network Architects,,,151140
,,,Database Administrators,,151141
,,,Network and Computer Systems Administrators,,151142
,,,Computer Network Architects,,151143
,,Computer Support Specialists,,,151150
,,,Computer User Support Specialists,,151151
,,,Computer Network Support Specialists,,151152
,,Miscellaneous Computer Occupations,,,151190
,,,Computer Occupations All Other,,151199
,Mathematical Science Occupations,,,,152000
,,Actuaries,,,152010
,,,Actuaries,,152011
,,Mathematicians,,,152020
,,,Mathematicians,,152021
,,Operations Research Analysts,,,152030
,,,Operations Research Analysts,,152031
,,Statisticians,,,152040
,,,Statisticians,,152041
,,Miscellaneous Mathematical Science Occupations,,,152090
,,,Mathematical Technicians,,152091
,,,Mathematical Science Occupations All Other,,152099
Architecture and Engineering Occupations,,,,,170000
,Architects Surveyors and Cartographers,,,,171000
,,Architects Except Naval,,,171010
,,,Architects Except Landscape and Naval,,171011
,,,Landscape Architects,,171012
,,Surveyors Cartographers and Photogrammetrists,,,171020
,,,Cartographers and Photogrammetrists,,171021
,,,Surveyors,,171022
,Engineers,,,,172000
,,Aerospace Engineers,,,172010
,,,Aerospace Engineers,,172011
,,Agricultural Engineers,,,172020
,,,Agricultural Engineers,,172021
,,Biomedical Engineers,,,172030
,,,Biomedical Engineers,,172031
,,Chemical Engineers,,,172040
,,,Chemical Engineers,,172041
,,Civil Engineers,,,172050
,,,Civil Engineers,,172051
,,Computer Hardware Engineers,,,172060
,,,Computer Hardware Engineers,,172061
,,Electrical and Electronics Engineers,,,172070
,,,Electrical Engineers,,172071
,,,Electronics Engineers Except Computer,,172072
,,Environmental Engineers,,,172080
,,,Environmental Engineers,,172081
,,Industrial Engineers Including Health and Safety,,,172110
,,,Health and Safety Engineers Except Mining Safety Engineers and Inspectors,,172111
,,,Industrial Engineers,,172112
,,Marine Engineers and Naval Architects,,,172120
,,,Marine Engineers and Naval Architects,,172121
,,Materials Engineers,,,172130
,,,Materials Engineers,,172131
,,Mechanical Engineers,,,172140
,,,Mechanical Engineers,,172141
,,Mining and Geological Engineers Including Mining Safety Engineers,,,172150
,,,Mining and Geological Engineers Including Mining Safety Engineers,,172151
,,Nuclear Engineers,,,172160
,,,Nuclear Engineers,,172161
,,Petroleum Engineers,,,172170
,,,Petroleum Engineers,,172171
,,Miscellaneous Engineers,,,172190
,,,Engineers All Other,,172199
,Drafters Engineering Technicians and Mapping Technicians,,,,173000
,,Drafters,,,173010
,,,Architectural and Civil Drafters,,173011
,,,Electrical and Electronics Drafters,,173012
,,,Mechanical Drafters,,173013
,,,Drafters All Other,,173019
,,Engineering Technicians Except Drafters,,,173020
,,,Aerospace Engineering and Operations Technicians,,173021
,,,Civil Engineering Technicians,,173022
,,,Electrical and Electronics Engineering Technicians,,173023
,,,ElectroMechanical Technicians,,173024
,,,Environmental Engineering Technicians,,173025
,,,Industrial Engineering Technicians,,173026
,,,Mechanical Engineering Technicians,,173027
,,,Engineering Technicians Except Drafters All Other,,173029
,,Surveying and Mapping Technicians,,,173030
,,,Surveying and Mapping Technicians,,173031
Life Physical and Social Science Occupations,,,,,190000
,Life Scientists,,,,191000
,,Agricultural and Food Scientists,,,191010
,,,Animal Scientists,,191011
,,,Food Scientists and Technologists,,191012
,,,Soil and Plant Scientists,,191013
,,Biological Scientists,,,191020
,,,Biochemists and Biophysicists,,191021
,,,Microbiologists,,191022
,,,Zoologists and Wildlife Biologists,,191023
,,,Biological Scientists All Other,,191029
,,Conservation Scientists and Foresters,,,191030
,,,Conservation Scientists,,191031
,,,Foresters,,191032
,,Medical Scientists,,,191040
,,,Epidemiologists,,191041
,,,Medical Scientists Except Epidemiologists,,191042
,,Miscellaneous Life Scientists,,,191090
,,,Life Scientists All Other,,191099
,Physical Scientists,,,,192000
,,Astronomers and Physicists,,,192010
,,,Astronomers,,192011
,,,Physicists,,192012
,,Atmospheric and Space Scientists,,,192020
,,,Atmospheric and Space Scientists,,192021
,,Chemists and Materials Scientists,,,192030
,,,Chemists,,192031
,,,Materials Scientists,,192032
,,Environmental Scientists and Geoscientists,,,192040
,,,Environmental Scientists and Specialists Including Health,,192041
,,,Geoscientists Except Hydrologists and Geographers,,192042
,,,Hydrologists,,192043
,,Miscellaneous Physical Scientists,,,192090
,,,Physical Scientists All Other,,192099
,Social Scientists and Related Workers,,,,193000
,,Economists,,,193010
,,,Economists,,193011
,,Survey Researchers,,,193020
,,,Survey Researchers,,193022
,,Psychologists,,,193030
,,,Clinical Counseling and School Psychologists,,193031
,,,IndustrialOrganizational Psychologists,,193032
,,,Psychologists All Other,,193039
,,Sociologists,,,193040
,,,Sociologists,,193041
,,Urban and Regional Planners,,,193050
,,,Urban and Regional Planners,,193051
,,Miscellaneous Social Scientists and Related Workers,,,193090
,,,Anthropologists and Archeologists,,193091
,,,Geographers,,193092
,,,Historians,,193093
,,,Political Scientists,,193094
,,,Social Scientists and Related Workers All Other,,193099
,Life Physical and Social Science Technicians,,,,194000
,,Agricultural and Food Science Technicians,,,194010
,,,Agricultural and Food Science Technicians,,194011
,,Biological Technicians,,,194020
,,,Biological Technicians,,194021
,,Chemical Technicians,,,194030
,,,Chemical Technicians,,194031
,,Geological and Petroleum Technicians,,,194040
,,,Geological and Petroleum Technicians,,194041
,,Nuclear Technicians,,,194050
,,,Nuclear Technicians,,194051
,,Social Science Research Assistants,,,194060
,,,Social Science Research Assistants,,194061
,,Miscellaneous Life Physical and Social Science Technicians,,,194090
,,,Environmental Science and Protection Technicians Including Health,,194091
,,,Forensic Science Technicians,,194092
,,,Forest and Conservation Technicians,,194093
,,,Life Physical and Social Science Technicians All Other,,194099
Community and Social Service Occupations,,,,,210000
,Counselors Social Workers and Other Community and Social Service Specialists,,,,211000
,,Counselors,,,211010
,,,Substance Abuse and Behavioral Disorder Counselors,,211011
,,,Educational Guidance School and Vocational Counselors,,211012
,,,Marriage and Family Therapists,,211013
,,,Mental Health Counselors,,211014
,,,Rehabilitation Counselors,,211015
,,,Counselors All Other,,211019
,,Social Workers,,,211020
,,,Child Family and School Social Workers,,211021
,,,Healthcare Social Workers,,211022
,,,Mental Health and Substance Abuse Social Workers,,211023
,,,Social Workers All Other,,211029
,,Miscellaneous Community and Social Service Specialists,,,211090
,,,Health Educators ,,211091
,,,Probation Officers and Correctional Treatment Specialists,,211092
,,,Social and Human Service Assistants,,211093
,,,Community Health Workers,,211094
,,,Community and Social Service Specialists All Other,,211099
,Religious Workers,,,,212000
,,Clergy,,,212010
,,,Clergy,,212011
,,Directors Religious Activities and Education,,,212020
,,,Directors Religious Activities and Education,,212021
,,Miscellaneous Religious Workers,,,212090
,,,Religious Workers All Other,,212099
Legal Occupations,,,,,230000
,Lawyers Judges and Related Workers,,,,231000
,,Lawyers and Judicial Law Clerks,,,231010
,,,Lawyers,,231011
,,,Judicial Law Clerks,,231012
,,Judges Magistrates and Other Judicial Workers,,,231020
,,,Administrative Law Judges Adjudicators and Hearing Officers,,231021
,,,Arbitrators Mediators and Conciliators,,231022
,,,Judges Magistrate Judges and Magistrates,,231023
,Legal Support Workers,,,,232000
,,Paralegals and Legal Assistants,,,232010
,,,Paralegals and Legal Assistants,,232011
,,Miscellaneous Legal Support Workers,,,232090
,,,Court Reporters,,232091
,,,Title Examiners Abstractors and Searchers,,232093
,,,Legal Support Workers All Other,,232099
Education Training and Library Occupations,,,,,250000
,Postsecondary Teachers,,,,251000
,,Business Teachers Postsecondary,,,251010
,,,Business Teachers Postsecondary,,251011
,,Math and Computer Teachers Postsecondary,,,251020
,,,Computer Science Teachers Postsecondary,,251021
,,,Mathematical Science Teachers Postsecondary,,251022
,,Engineering and Architecture Teachers Postsecondary,,,251030
,,,Architecture Teachers Postsecondary,,251031
,,,Engineering Teachers Postsecondary,,251032
,,Life Sciences Teachers Postsecondary,,,251040
,,,Agricultural Sciences Teachers Postsecondary,,251041
,,,Biological Science Teachers Postsecondary,,251042
,,,Forestry and Conservation Science Teachers Postsecondary,,251043
,,Physical Sciences Teachers Postsecondary,,,251050
,,,Atmospheric Earth Marine and Space Sciences Teachers Postsecondary,,251051
,,,Chemistry Teachers Postsecondary,,251052
,,,Environmental Science Teachers Postsecondary,,251053
,,,Physics Teachers Postsecondary,,251054
,,Social Sciences Teachers Postsecondary,,,251060
,,,Anthropology and Archeology Teachers Postsecondary,,251061
,,,Area Ethnic and Cultural Studies Teachers Postsecondary,,251062
,,,Economics Teachers Postsecondary,,251063
,,,Geography Teachers Postsecondary,,251064
,,,Political Science Teachers Postsecondary,,251065
,,,Psychology Teachers Postsecondary,,251066
,,,Sociology Teachers Postsecondary,,251067
,,,Social Sciences Teachers Postsecondary All Other,,251069
,,Health Teachers Postsecondary,,,251070
,,,Health Specialties Teachers Postsecondary,,251071
,,,Nursing Instructors and Teachers Postsecondary,,251072
,,Education and Library Science Teachers Postsecondary,,,251080
,,,Education Teachers Postsecondary,,251081
,,,Library Science Teachers Postsecondary,,251082
,,Law Criminal Justice and Social Work Teachers Postsecondary,,,251110
,,,Criminal Justice and Law Enforcement Teachers Postsecondary,,251111
,,,Law Teachers Postsecondary,,251112
,,,Social Work Teachers Postsecondary,,251113
,,Arts Communications and Humanities Teachers Postsecondary,,,251120
,,,Art Drama and Music Teachers Postsecondary,,251121
,,,Communications Teachers Postsecondary,,251122
,,,English Language and Literature Teachers Postsecondary,,251123
,,,Foreign Language and Literature Teachers Postsecondary,,251124
,,,History Teachers Postsecondary,,251125
,,,Philosophy and Religion Teachers Postsecondary,,251126
,,Miscellaneous Postsecondary Teachers,,,251190
,,,Graduate Teaching Assistants,,251191
,,,Home Economics Teachers Postsecondary,,251192
,,,Recreation and Fitness Studies Teachers Postsecondary,,251193
,,,Vocational Education Teachers Postsecondary,,251194
,,,Postsecondary Teachers All Other,,251199
,Preschool Primary Secondary and Special Education School Teachers,,,,252000
,,Preschool and Kindergarten Teachers,,,252010
,,,Preschool Teachers Except Special Education,,252011
,,,Kindergarten Teachers Except Special Education,,252012
,,Elementary and Middle School Teachers,,,252020
,,,Elementary School Teachers Except Special Education,,252021
,,,Middle School Teachers Except Special and Career Technical Education,,252022
,,,Career Technical Education Teachers Middle School,,252023
,,Secondary School Teachers,,,252030
,,,Secondary School Teachers Except Special and Career Technical Education,,252031
,,,Career Technical Education Teachers Secondary School,,252032
,,Special Education Teachers,,,252050
,,,Special Education Teachers Preschool,,252051
,,,Special Education Teachers Kindergarten and Elementary School,,252052
,,,Special Education Teachers Middle School,,252053
,,,Special Education Teachers Secondary School,,252054
,,,Special Education Teachers All Other,,252059
,Other Teachers and Instructors,,,,253000
,,Adult Basic and Secondary Education and Literacy Teachers and Instructors ,,,253010
,,,Adult Basic and Secondary Education and Literacy Teachers and Instructors ,,253011
,,SelfEnrichment Education Teachers,,,253020
,,,SelfEnrichment Education Teachers,,253021
,,Miscellaneous Teachers and Instructors,,,253090
,,,Teachers and Instructors All Other,,253099
,Librarians Curators and Archivists,,,,254000
,,Archivists Curators and Museum Technicians,,,254010
,,,Archivists,,254011
,,,Curators,,254012
,,,Museum Technicians and Conservators,,254013
,,Librarians,,,254020
,,,Librarians,,254021
,,Library Technicians,,,254030
,,,Library Technicians,,254031
,Other Education Training and Library Occupations,,,,259000
,,AudioVisual and Multimedia Collections Specialists,,,259010
,,,AudioVisual and Multimedia Collections Specialists,,259011
,,Farm and Home Management Advisors,,,259020
,,,Farm and Home Management Advisors,,259021
,,Instructional Coordinators,,,259030
,,,Instructional Coordinators,,259031
,,Teacher Assistants,,,259040
,,,Teacher Assistants,,259041
,,Miscellaneous Education Training and Library Workers,,,259090
,,,Education Training and Library Workers All Other,,259099
Arts Design Entertainment Sports and Media Occupations,,,,,270000
,Art and Design Workers,,,,271000
,,Artists and Related Workers,,,271010
,,,Art Directors,,271011
,,,Craft Artists,,271012
,,,Fine Artists Including Painters Sculptors and Illustrators,,271013
,,,Multimedia Artists and Animators,,271014
,,,Artists and Related Workers All Other,,271019
,,Designers,,,271020
,,,Commercial and Industrial Designers,,271021
,,,Fashion Designers,,271022
,,,Floral Designers,,271023
,,,Graphic Designers,,271024
,,,Interior Designers,,271025
,,,Merchandise Displayers and Window Trimmers,,271026
,,,Set and Exhibit Designers,,271027
,,,Designers All Other,,271029
,Entertainers and Performers Sports and Related Workers,,,,272000
,,Actors Producers and Directors,,,272010
,,,Actors,,272011
,,,Producers and Directors,,272012
,,Athletes Coaches Umpires and Related Workers,,,272020
,,,Athletes and Sports Competitors,,272021
,,,Coaches and Scouts,,272022
,,,Umpires Referees and Other Sports Officials,,272023
,,Dancers and Choreographers,,,272030
,,,Dancers,,272031
,,,Choreographers,,272032
,,Musicians Singers and Related Workers,,,272040
,,,Music Directors and Composers,,272041
,,,Musicians and Singers,,272042
,,Miscellaneous Entertainers and Performers Sports and Related Workers,,,272090
,,,Entertainers and Performers Sports and Related Workers All Other,,272099
,Media and Communication Workers,,,,273000
,,Announcers,,,273010
,,,Radio and Television Announcers,,273011
,,,Public Address System and Other Announcers,,273012
,,News Analysts Reporters and Correspondents,,,273020
,,,Broadcast News Analysts,,273021
,,,Reporters and Correspondents,,273022
,,Public Relations Specialists,,,273030
,,,Public Relations Specialists,,273031
,,Writers and Editors,,,273040
,,,Editors,,273041
,,,Technical Writers,,273042
,,,Writers and Authors,,273043
,,Miscellaneous Media and Communication Workers,,,273090
,,,Interpreters and Translators,,273091
,,,Media and Communication Workers All Other,,273099
,Media and Communication Equipment Workers,,,,274000
,,Broadcast and Sound Engineering Technicians and Radio Operators,,,274010
,,,Audio and Video Equipment Technicians,,274011
,,,Broadcast Technicians,,274012
,,,Radio Operators,,274013
,,,Sound Engineering Technicians,,274014
,,Photographers,,,274020
,,,Photographers,,274021
,,Television Video and Motion Picture Camera Operators and Editors,,,274030
,,,Camera Operators Television Video and Motion Picture,,274031
,,,Film and Video Editors,,274032
,,Miscellaneous Media and Communication Equipment Workers,,,274090
,,,Media and Communication Equipment Workers All Other,,274099
Healthcare Practitioners and Technical Occupations,,,,,290000
,Health Diagnosing and Treating Practitioners,,,,291000
,,Chiropractors,,,291010
,,,Chiropractors,,291011
,,Dentists,,,291020
,,,Dentists General,,291021
,,,Oral and Maxillofacial Surgeons,,291022
,,,Orthodontists,,291023
,,,Prosthodontists,,291024
,,,Dentists All Other Specialists,,291029
,,Dietitians and Nutritionists,,,291030
,,,Dietitians and Nutritionists,,291031
,,Optometrists,,,291040
,,,Optometrists,,291041
,,Pharmacists,,,291050
,,,Pharmacists,,291051
,,Physicians and Surgeons,,,291060
,,,Anesthesiologists,,291061
,,,Family and General Practitioners,,291062
,,,Internists General,,291063
,,,Obstetricians and Gynecologists,,291064
,,,Pediatricians General,,291065
,,,Psychiatrists,,291066
,,,Surgeons,,291067
,,,Physicians and Surgeons All Other,,291069
,,Physician Assistants,,,291070
,,,Physician Assistants,,291071
,,Podiatrists,,,291080
,,,Podiatrists,,291081
,,Therapists,,,291120
,,,Occupational Therapists,,291122
,,,Physical Therapists,,291123
,,,Radiation Therapists,,291124
,,,Recreational Therapists,,291125
,,,Respiratory Therapists,,291126
,,,SpeechLanguage Pathologists,,291127
,,,Exercise Physiologists,,291128
,,,Therapists All Other,,291129
,,Veterinarians,,,291130
,,,Veterinarians,,291131
,,Registered Nurses,,,291140
,,,Registered Nurses,,291141
,,Nurse Anesthetists,,,291150
,,,Nurse Anesthetists,,291151
,,Nurse Midwives,,,291160
,,,Nurse Midwives,,291161
,,Nurse Practitioners,,,291170
,,,Nurse Practitioners,,291171
,,Audiologists,,,291180
,,,Audiologists,,291181
,,Miscellaneous Health Diagnosing and Treating Practitioners,,,291190
,,,Health Diagnosing and Treating Practitioners All Other,,291199
,Health Technologists and Technicians,,,,292000
,,Clinical Laboratory Technologists and Technicians,,,292010
,,,Medical and Clinical Laboratory Technologists,,292011
,,,Medical and Clinical Laboratory Technicians,,292012
,,Dental Hygienists,,,292020
,,,Dental Hygienists,,292021
,,Diagnostic Related Technologists and Technicians,,,292030
,,,Cardiovascular Technologists and Technicians,,292031
,,,Diagnostic Medical Sonographers,,292032
,,,Nuclear Medicine Technologists,,292033
,,,Radiologic Technologists ,,292034
,,,Magnetic Resonance Imaging Technologists,,292035 
,,Emergency Medical Technicians and Paramedics,,,292040
,,,Emergency Medical Technicians and Paramedics,,292041
,,Health Practitioner Support Technologists and Technicians,,,292050
,,,Dietetic Technicians,,292051
,,,Pharmacy Technicians,,292052
,,,Psychiatric Technicians,,292053
,,,Respiratory Therapy Technicians,,292054
,,,Surgical Technologists,,292055
,,,Veterinary Technologists and Technicians,,292056
,,,Ophthalmic Medical Technicians,,292057
,,Licensed Practical and Licensed Vocational Nurses,,,292060
,,,Licensed Practical and Licensed Vocational Nurses,,292061
,,Medical Records and Health Information Technicians,,,292070
,,,Medical Records and Health Information Technicians,,292071
,,Opticians Dispensing,,,292080
,,,Opticians Dispensing,,292081
,,Miscellaneous Health Technologists and Technicians,,,292090
,,,Orthotists and Prosthetists,,292091
,,,Hearing Aid Specialists,,292092
,,,Health Technologists and Technicians All Other,,292099
,Other Healthcare Practitioners and Technical Occupations,,,,299000
,,Occupational Health and Safety Specialists and Technicians,,,299010
,,,Occupational Health and Safety Specialists,,299011
,,,Occupational Health and Safety Technicians,,299012
,,Miscellaneous Health Practitioners and Technical Workers,,,299090
,,,Athletic Trainers,,299091
,,,Genetic Counselors,,299092
,,,Healthcare Practitioners and Technical Workers All Other,,299099
Healthcare Support Occupations,,,,,310000
,Nursing Psychiatric and Home Health Aides,,,,311000
,,Nursing Psychiatric and Home Health Aides,,,311010
,,,Home Health Aides,,311011
,,,Psychiatric Aides,,311013
,,,Nursing Assistants,,311014
,,,Orderlies,,311015
,Occupational Therapy and Physical Therapist Assistants and Aides,,,,312000
,,Occupational Therapy Assistants and Aides,,,312010
,,,Occupational Therapy Assistants,,312011
,,,Occupational Therapy Aides,,312012
,,Physical Therapist Assistants and Aides,,,312020
,,,Physical Therapist Assistants,,312021
,,,Physical Therapist Aides,,312022
,Other Healthcare Support Occupations,,,,319000
,,Massage Therapists,,,319010
,,,Massage Therapists,,319011
,,Miscellaneous Healthcare Support Occupations,,,319090
,,,Dental Assistants,,319091
,,,Medical Assistants,,319092
,,,Medical Equipment Preparers,,319093
,,,Medical Transcriptionists,,319094
,,,Pharmacy Aides,,319095
,,,Veterinary Assistants and Laboratory Animal Caretakers,,319096
,,,Phlebotomists,,319097
,,,Healthcare Support Workers All Other,,319099
Protective Service Occupations,,,,,330000
,Supervisors of Protective Service Workers,,,,331000
,,FirstLine Supervisors of Law Enforcement Workers,,,331010
,,,FirstLine Supervisors of Correctional Officers,,331011
,,,FirstLine Supervisors of Police and Detectives,,331012
,,FirstLine Supervisors of Fire Fighting and Prevention Workers,,,331020
,,,FirstLine Supervisors of Fire Fighting and Prevention Workers,,331021
,,Miscellaneous FirstLine Supervisors Protective Service Workers,,,331090
,,,FirstLine Supervisors of Protective Service Workers All Other,,331099
,Fire Fighting and Prevention Workers,,,,332000
,,Firefighters,,,332010
,,,Firefighters,,332011
,,Fire Inspectors,,,332020
,,,Fire Inspectors and Investigators,,332021
,,,Forest Fire Inspectors and Prevention Specialists,,332022
,Law Enforcement Workers,,,,333000
,,Bailiffs Correctional Officers and Jailers,,,333010
,,,Bailiffs,,333011
,,,Correctional Officers and Jailers,,333012
,,Detectives and Criminal Investigators,,,333020
,,,Detectives and Criminal Investigators,,333021
,,Fish and Game Wardens,,,333030
,,,Fish and Game Wardens,,333031
,,Parking Enforcement Workers,,,333040
,,,Parking Enforcement Workers,,333041
,,Police Officers,,,333050
,,,Police and Sheriff's Patrol Officers,,333051
,,,Transit and Railroad Police,,333052
,Other Protective Service Workers,,,,339000
,,Animal Control Workers,,,339010
,,,Animal Control Workers,,339011
,,Private Detectives and Investigators,,,339020
,,,Private Detectives and Investigators,,339021
,,Security Guards and Gaming Surveillance Officers,,,339030
,,,Gaming Surveillance Officers and Gaming Investigators,,339031
,,,Security Guards,,339032
,,Miscellaneous Protective Service Workers,,,339090
,,,Crossing Guards,,339091
,,,Lifeguards Ski Patrol and Other Recreational Protective Service Workers,,339092
,,,Transportation Security Screeners,,339093 
,,,Protective Service Workers All Other,,339099
Food Preparation and Serving Related Occupations,,,,,350000
,Supervisors of Food Preparation and Serving Workers,,,,351000
,,Supervisors of Food Preparation and Serving Workers,,,351010
,,,Chefs and Head Cooks,,351011
,,,FirstLine Supervisors of Food Preparation and Serving Workers,,351012
,Cooks and Food Preparation Workers,,,,352000
,,Cooks,,,352010
,,,Cooks Fast Food,,352011
,,,Cooks Institution and Cafeteria,,352012
,,,Cooks Private Household,,352013
,,,Cooks Restaurant,,352014
,,,Cooks Short Order,,352015
,,,Cooks All Other,,352019
,,Food Preparation Workers,,,352020
,,,Food Preparation Workers,,352021
,Food and Beverage Serving Workers,,,,353000
,,Bartenders,,,353010
,,,Bartenders,,353011
,,Fast Food and Counter Workers,,,353020
,,,Combined Food Preparation and Serving Workers Including Fast Food,,353021
,,,Counter Attendants Cafeteria Food Concession and Coffee Shop,,353022
,,Waiters and Waitresses,,,353030
,,,Waiters and Waitresses,,353031
,,Food Servers Nonrestaurant,,,353040
,,,Food Servers Nonrestaurant,,353041
,Other Food Preparation and Serving Related Workers,,,,359000
,,Dining Room and Cafeteria Attendants and Bartender Helpers,,,359010
,,,Dining Room and Cafeteria Attendants and Bartender Helpers,,359011
,,Dishwashers,,,359020
,,,Dishwashers,,359021
,,Hosts and Hostesses Restaurant Lounge and Coffee Shop,,,359030
,,,Hosts and Hostesses Restaurant Lounge and Coffee Shop,,359031
,,Miscellaneous Food Preparation and Serving Related Workers,,,359090
,,,Food Preparation and Serving Related Workers All Other,,359099
Building and Grounds Cleaning and Maintenance Occupations,,,,,370000
,Supervisors of Building and Grounds Cleaning and Maintenance Workers,,,,371000
,,FirstLine Supervisors of Building and Grounds Cleaning and Maintenance Workers,,,371010
,,,FirstLine Supervisors of Housekeeping and Janitorial Workers,,371011
,,,FirstLine Supervisors of Landscaping Lawn Service and Groundskeeping Workers,,371012
,Building Cleaning and Pest Control Workers,,,,372000
,,Building Cleaning Workers,,,372010
,,,Janitors and Cleaners Except Maids and Housekeeping Cleaners,,372011
,,,Maids and Housekeeping Cleaners,,372012
,,,Building Cleaning Workers All Other,,372019
,,Pest Control Workers,,,372020
,,,Pest Control Workers,,372021
,Grounds Maintenance Workers,,,,373000
,,Grounds Maintenance Workers,,,373010
,,,Landscaping and Groundskeeping Workers,,373011
,,,Pesticide Handlers Sprayers and Applicators Vegetation,,373012
,,,Tree Trimmers and Pruners,,373013
,,,Grounds Maintenance Workers All Other,,373019
Personal Care and Service Occupations,,,,,390000
,Supervisors of Personal Care and Service Workers,,,,391000
,,FirstLine Supervisors of Gaming Workers,,,391010
,,,Gaming Supervisors,,391011
,,,Slot Supervisors,,391012
,,FirstLine Supervisors of Personal Service Workers,,,391020
,,,FirstLine Supervisors of Personal Service Workers,,391021
,Animal Care and Service Workers,,,,392000
,,Animal Trainers,,,392010
,,,Animal Trainers,,392011
,,Nonfarm Animal Caretakers,,,392020
,,,Nonfarm Animal Caretakers,,392021
,Entertainment Attendants and Related Workers,,,,393000
,,Gaming Services Workers,,,393010
,,,Gaming Dealers,,393011
,,,Gaming and Sports Book Writers and Runners,,393012
,,,Gaming Service Workers All Other,,393019
,,Motion Picture Projectionists,,,393020
,,,Motion Picture Projectionists,,393021
,,Ushers Lobby Attendants and Ticket Takers,,,393030
,,,Ushers Lobby Attendants and Ticket Takers,,393031
,,Miscellaneous Entertainment Attendants and Related Workers,,,393090
,,,Amusement and Recreation Attendants,,393091
,,,Costume Attendants,,393092
,,,Locker Room Coatroom and Dressing Room Attendants,,393093
,,,Entertainment Attendants and Related Workers All Other,,393099
,Funeral Service Workers,,,,394000
,,Embalmers,,,394010
,,,Embalmers,,394011
,,Funeral Attendants,,,394020
,,,Funeral Attendants,,394021
,,Morticians Undertakers and Funeral Directors,,,394030
,,,Morticians Undertakers and Funeral Directors,,394031
,Personal Appearance Workers,,,,395000
,,Barbers Hairdressers Hairstylists and Cosmetologists,,,395010
,,,Barbers,,395011
,,,Hairdressers Hairstylists and Cosmetologists,,395012
,,Miscellaneous Personal Appearance Workers,,,395090
,,,Makeup Artists Theatrical and Performance,,395091
,,,Manicurists and Pedicurists,,395092
,,,Shampooers,,395093
,,,Skincare Specialists,,395094
,Baggage Porters Bellhops and Concierges,,,,396000
,,Baggage Porters Bellhops and Concierges,,,396010
,,,Baggage Porters and Bellhops,,396011
,,,Concierges,,396012
,Tour and Travel Guides,,,,397000
,,Tour and Travel Guides,,,397010
,,,Tour Guides and Escorts,,397011
,,,Travel Guides,,397012
,Other Personal Care and Service Workers,,,,399000
,,Childcare Workers,,,399010
,,,Childcare Workers,,399011
,,Personal Care Aides,,,399020
,,,Personal Care Aides,,399021
,,Recreation and Fitness Workers,,,399030
,,,Fitness Trainers and Aerobics Instructors,,399031
,,,Recreation Workers,,399032
,,Residential Advisors,,,399040
,,,Residential Advisors,,399041
,,Miscellaneous Personal Care and Service Workers,,,399090
,,,Personal Care and Service Workers All Other,,399099
Sales and Related Occupations,,,,,410000
,Supervisors of Sales Workers,,,,411000
,,FirstLine Supervisors of Sales Workers,,,411010
,,,FirstLine Supervisors of Retail Sales Workers,,411011
,,,FirstLine Supervisors of NonRetail Sales Workers,,411012
,Retail Sales Workers,,,,412000
,,Cashiers,,,412010
,,,Cashiers,,412011
,,,Gaming Change Persons and Booth Cashiers,,412012
,,Counter and Rental Clerks and Parts Salespersons,,,412020
,,,Counter and Rental Clerks,,412021
,,,Parts Salespersons,,412022
,,Retail Salespersons,,,412030
,,,Retail Salespersons,,412031
,Sales Representatives Services,,,,413000
,,Advertising Sales Agents,,,413010
,,,Advertising Sales Agents,,413011
,,Insurance Sales Agents,,,413020
,,,Insurance Sales Agents,,413021
,,Securities Commodities and Financial Services Sales Agents,,,413030
,,,Securities Commodities and Financial Services Sales Agents,,413031
,,Travel Agents,,,413040
,,,Travel Agents,,413041
,,Miscellaneous Sales Representatives Services,,,413090
,,,Sales Representatives Services All Other,,413099
,Sales Representatives Wholesale and Manufacturing,,,,414000
,,Sales Representatives Wholesale and Manufacturing,,,414010
,,,Sales Representatives Wholesale and Manufacturing Technical and Scientific Products,,414011
,,,Sales Representatives Wholesale and Manufacturing Except Technical and Scientific Products,,414012
,Other Sales and Related Workers,,,,419000
,,Models Demonstrators and Product Promoters,,,419010
,,,Demonstrators and Product Promoters,,419011
,,,Models,,419012
,,Real Estate Brokers and Sales Agents,,,419020
,,,Real Estate Brokers,,419021
,,,Real Estate Sales Agents,,419022
,,Sales Engineers,,,419030
,,,Sales Engineers,,419031
,,Telemarketers,,,419040
,,,Telemarketers,,419041
,,Miscellaneous Sales and Related Workers,,,419090
,,,DoortoDoor Sales Workers News and Street Vendors and Related Workers,,419091
,,,Sales and Related Workers All Other,,419099
Office and Administrative Support Occupations,,,,,430000
,Supervisors of Office and Administrative Support Workers,,,,431000
,,FirstLine Supervisors of Office and Administrative Support Workers,,,431010
,,,FirstLine Supervisors of Office and Administrative Support Workers,,431011
,Communications Equipment Operators,,,,432000
,,Switchboard Operators Including Answering Service,,,432010
,,,Switchboard Operators Including Answering Service,,432011
,,Telephone Operators,,,432020
,,,Telephone Operators,,432021
,,Miscellaneous Communications Equipment Operators,,,432090
,,,Communications Equipment Operators All Other,,432099
,Financial Clerks,,,,433000
,,Bill and Account Collectors,,,433010
,,,Bill and Account Collectors,,433011
,,Billing and Posting Clerks,,,433020
,,,Billing and Posting Clerks,,433021
,,Bookkeeping Accounting and Auditing Clerks,,,433030
,,,Bookkeeping Accounting and Auditing Clerks,,433031
,,Gaming Cage Workers,,,433040
,,,Gaming Cage Workers,,433041
,,Payroll and Timekeeping Clerks,,,433050
,,,Payroll and Timekeeping Clerks,,433051
,,Procurement Clerks,,,433060
,,,Procurement Clerks,,433061
,,Tellers,,,433070
,,,Tellers,,433071
,,Miscellaneous Financial Clerks,,,433090
,,,Financial Clerks All Other,,433099 
,Information and Record Clerks,,,,434000
,,Brokerage Clerks,,,434010
,,,Brokerage Clerks,,434011
,,Correspondence Clerks,,,434020
,,,Correspondence Clerks,,434021
,,Court Municipal and License Clerks,,,434030
,,,Court Municipal and License Clerks,,434031
,,Credit Authorizers Checkers and Clerks,,,434040
,,,Credit Authorizers Checkers and Clerks,,434041
,,Customer Service Representatives,,,434050
,,,Customer Service Representatives,,434051
,,Eligibility Interviewers Government Programs,,,434060
,,,Eligibility Interviewers Government Programs,,434061
,,File Clerks,,,434070
,,,File Clerks,,434071
,,Hotel Motel and Resort Desk Clerks,,,434080
,,,Hotel Motel and Resort Desk Clerks,,434081
,,Interviewers Except Eligibility and Loan,,,434110
,,,Interviewers Except Eligibility and Loan,,434111
,,Library Assistants Clerical,,,434120
,,,Library Assistants Clerical,,434121
,,Loan Interviewers and Clerks,,,434130
,,,Loan Interviewers and Clerks,,434131
,,New Accounts Clerks,,,434140
,,,New Accounts Clerks,,434141
,,Order Clerks,,,434150
,,,Order Clerks,,434151
,,Human Resources Assistants Except Payroll and Timekeeping,,,434160
,,,Human Resources Assistants Except Payroll and Timekeeping,,434161
,,Receptionists and Information Clerks,,,434170
,,,Receptionists and Information Clerks,,434171
,,Reservation and Transportation Ticket Agents and Travel Clerks,,,434180
,,,Reservation and Transportation Ticket Agents and Travel Clerks,,434181
,,Miscellaneous Information and Record Clerks,,,434190
,,,Information and Record Clerks All Other,,434199
,Material Recording Scheduling Dispatching and Distributing Workers,,,,435000
,,Cargo and Freight Agents,,,435010
,,,Cargo and Freight Agents,,435011
,,Couriers and Messengers,,,435020
,,,Couriers and Messengers,,435021
,,Dispatchers,,,435030
,,,Police Fire and Ambulance Dispatchers,,435031
,,,Dispatchers Except Police Fire and Ambulance,,435032
,,Meter Readers Utilities,,,435040
,,,Meter Readers Utilities,,435041
,,Postal Service Workers,,,435050
,,,Postal Service Clerks,,435051
,,,Postal Service Mail Carriers,,435052
,,,Postal Service Mail Sorters Processors and Processing Machine Operators,,435053
,,Production Planning and Expediting Clerks,,,435060
,,,Production Planning and Expediting Clerks,,435061
,,Shipping Receiving and Traffic Clerks,,,435070
,,,Shipping Receiving and Traffic Clerks,,435071
,,Stock Clerks and Order Fillers,,,435080
,,,Stock Clerks and Order Fillers,,435081
,,Weighers Measurers Checkers and Samplers Recordkeeping,,,435110
,,,Weighers Measurers Checkers and Samplers Recordkeeping,,435111
,Secretaries and Administrative Assistants,,,,436000
,,Secretaries and Administrative Assistants,,,436010
,,,Executive Secretaries and Executive Administrative Assistants,,436011
,,,Legal Secretaries,,436012
,,,Medical Secretaries,,436013
,,,Secretaries and Administrative Assistants Except Legal Medical and Executive,,436014
,Other Office and Administrative Support Workers,,,,439000
,,Computer Operators,,,439010
,,,Computer Operators,,439011
,,Data Entry and Information Processing Workers,,,439020
,,,Data Entry Keyers,,439021
,,,Word Processors and Typists,,439022
,,Desktop Publishers,,,439030
,,,Desktop Publishers,,439031
,,Insurance Claims and Policy Processing Clerks,,,439040
,,,Insurance Claims and Policy Processing Clerks,,439041
,,Mail Clerks and Mail Machine Operators Except Postal Service,,,439050
,,,Mail Clerks and Mail Machine Operators Except Postal Service,,439051
,,Office Clerks General,,,439060
,,,Office Clerks General,,439061
,,Office Machine Operators Except Computer,,,439070
,,,Office Machine Operators Except Computer,,439071
,,Proofreaders and Copy Markers,,,439080
,,,Proofreaders and Copy Markers,,439081
,,Statistical Assistants,,,439110
,,,Statistical Assistants,,439111
,,Miscellaneous Office and Administrative Support Workers,,,439190
,,,Office and Administrative Support Workers All Other,,439199
Farming Fishing and Forestry Occupations,,,,,450000
,Supervisors of Farming Fishing and Forestry Workers,,,,451000
,,FirstLine Supervisors of Farming Fishing and Forestry Workers,,,451010
,,,FirstLine Supervisors of Farming Fishing and Forestry Workers,,451011
,Agricultural Workers,,,,452000
,,Agricultural Inspectors,,,452010
,,,Agricultural Inspectors,,452011
,,Animal Breeders,,,452020
,,,Animal Breeders,,452021
,,Graders and Sorters Agricultural Products,,,452040
,,,Graders and Sorters Agricultural Products,,452041
,,Miscellaneous Agricultural Workers,,,452090
,,,Agricultural Equipment Operators,,452091
,,,Farmworkers and Laborers Crop Nursery and Greenhouse,,452092
,,,Farmworkers Farm Ranch and Aquacultural Animals,,452093
,,,Agricultural Workers All Other,,452099
,Fishing and Hunting Workers,,,,453000
,,Fishers and Related Fishing Workers,,,453010
,,,Fishers and Related Fishing Workers,,453011
,,Hunters and Trappers,,,453020
,,,Hunters and Trappers,,453021
,Forest Conservation and Logging Workers,,,,454000
,,Forest and Conservation Workers,,,454010
,,,Forest and Conservation Workers,,454011
,,Logging Workers,,,454020
,,,Fallers,,454021
,,,Logging Equipment Operators,,454022
,,,Log Graders and Scalers,,454023
,,,Logging Workers All Other,,454029
Construction and Extraction Occupations,,,,,470000
,Supervisors of Construction and Extraction Workers,,,,471000
,,FirstLine Supervisors of Construction Trades and Extraction Workers,,,471010
,,,FirstLine Supervisors of Construction Trades and Extraction Workers,,471011
,Construction Trades Workers,,,,472000
,,Boilermakers,,,472010
,,,Boilermakers,,472011
,,Brickmasons Blockmasons and Stonemasons,,,472020
,,,Brickmasons and Blockmasons,,472021
,,,Stonemasons,,472022
,,Carpenters,,,472030
,,,Carpenters,,472031
,,Carpet Floor and Tile Installers and Finishers,,,472040
,,,Carpet Installers,,472041
,,,Floor Layers Except Carpet Wood and Hard Tiles,,472042
,,,Floor Sanders and Finishers,,472043
,,,Tile and Marble Setters,,472044
,,Cement Masons Concrete Finishers and Terrazzo Workers,,,472050
,,,Cement Masons and Concrete Finishers,,472051
,,,Terrazzo Workers and Finishers,,472053
,,Construction Laborers,,,472060
,,,Construction Laborers,,472061
,,Construction Equipment Operators,,,472070
,,,Paving Surfacing and Tamping Equipment Operators,,472071
,,,PileDriver Operators,,472072
,,,Operating Engineers and Other Construction Equipment Operators,,472073
,,Drywall Installers Ceiling Tile Installers and Tapers,,,472080
,,,Drywall and Ceiling Tile Installers,,472081
,,,Tapers,,472082
,,Electricians,,,472110
,,,Electricians,,472111
,,Glaziers,,,472120
,,,Glaziers,,472121
,,Insulation Workers,,,472130
,,,Insulation Workers Floor Ceiling and Wall,,472131
,,,Insulation Workers Mechanical,,472132
,,Painters and Paperhangers,,,472140
,,,Painters Construction and Maintenance,,472141
,,,Paperhangers,,472142
,,Pipelayers Plumbers Pipefitters and Steamfitters,,,472150
,,,Pipelayers,,472151
,,,Plumbers Pipefitters and Steamfitters,,472152
,,Plasterers and Stucco Masons,,,472160
,,,Plasterers and Stucco Masons,,472161
,,Reinforcing Iron and Rebar Workers,,,472170
,,,Reinforcing Iron and Rebar Workers,,472171
,,Roofers,,,472180
,,,Roofers,,472181
,,Sheet Metal Workers,,,472210
,,,Sheet Metal Workers,,472211
,,Structural Iron and Steel Workers,,,472220
,,,Structural Iron and Steel Workers,,472221
,,Solar Photovoltaic Installers,,,472230
,,,Solar Photovoltaic Installers,,472231
,Helpers Construction Trades,,,,473000
,,Helpers Construction Trades,,,473010
,,,HelpersBrickmasons Blockmasons Stonemasons and Tile and Marble Setters,,473011
,,,HelpersCarpenters,,473012
,,,HelpersElectricians,,473013
,,,HelpersPainters Paperhangers Plasterers and Stucco Masons,,473014
,,,HelpersPipelayers Plumbers Pipefitters and Steamfitters,,473015
,,,HelpersRoofers,,473016
,,,Helpers Construction Trades All Other,,473019
,Other Construction and Related Workers,,,,474000
,,Construction and Building Inspectors,,,474010
,,,Construction and Building Inspectors,,474011
,,Elevator Installers and Repairers,,,474020
,,,Elevator Installers and Repairers,,474021
,,Fence Erectors,,,474030
,,,Fence Erectors,,474031
,,Hazardous Materials Removal Workers,,,474040
,,,Hazardous Materials Removal Workers,,474041
,,Highway Maintenance Workers,,,474050
,,,Highway Maintenance Workers,,474051
,,RailTrack Laying and Maintenance Equipment Operators,,,474060
,,,RailTrack Laying and Maintenance Equipment Operators,,474061
,,Septic Tank Servicers and Sewer Pipe Cleaners,,,474070
,,,Septic Tank Servicers and Sewer Pipe Cleaners,,474071
,,Miscellaneous Construction and Related Workers,,,474090
,,,Segmental Pavers,,474091
,,,Construction and Related Workers All Other,,474099
,Extraction Workers,,,,475000
,,Derrick Rotary Drill and Service Unit Operators Oil Gas and Mining,,,475010
,,,Derrick Operators Oil and Gas,,475011
,,,Rotary Drill Operators Oil and Gas,,475012
,,,Service Unit Operators Oil Gas and Mining,,475013
,,Earth Drillers Except Oil and Gas,,,475020
,,,Earth Drillers Except Oil and Gas,,475021
,,Explosives Workers Ordnance Handling Experts and Blasters,,,475030
,,,Explosives Workers Ordnance Handling Experts and Blasters,,475031
,,Mining Machine Operators,,,475040
,,,Continuous Mining Machine Operators,,475041
,,,Mine Cutting and Channeling Machine Operators,,475042
,,,Mining Machine Operators All Other,,475049
,,Rock Splitters Quarry,,,475050
,,,Rock Splitters Quarry,,475051
,,Roof Bolters Mining,,,475060
,,,Roof Bolters Mining,,475061
,,Roustabouts Oil and Gas,,,475070
,,,Roustabouts Oil and Gas,,475071
,,HelpersExtraction Workers,,,475080
,,,HelpersExtraction Workers,,475081
,,Miscellaneous Extraction Workers,,,475090
,,,Extraction Workers All Other,,475099
Installation Maintenance and Repair Occupations,,,,,490000
,Supervisors of Installation Maintenance and Repair Workers,,,,491000
,,FirstLine Supervisors of Mechanics Installers and Repairers,,,491010
,,,FirstLine Supervisors of Mechanics Installers and Repairers,,491011
,Electrical and Electronic Equipment Mechanics Installers and Repairers,,,,492000
,,Computer Automated Teller and Office Machine Repairers,,,492010
,,,Computer Automated Teller and Office Machine Repairers,,492011
,,Radio and Telecommunications Equipment Installers and Repairers,,,492020
,,,Radio Cellular and Tower Equipment Installers and Repairs,,492021
,,,Telecommunications Equipment Installers and Repairers Except Line Installers,,492022
,,Miscellaneous Electrical and Electronic Equipment Mechanics Installers and Repairers,,,492090
,,,Avionics Technicians,,492091
,,,Electric Motor Power Tool and Related Repairers,,492092
,,,Electrical and Electronics Installers and Repairers Transportation Equipment,,492093
,,,Electrical and Electronics Repairers Commercial and Industrial Equipment,,492094
,,,Electrical and Electronics Repairers Powerhouse Substation and Relay,,492095
,,,Electronic Equipment Installers and Repairers Motor Vehicles,,492096
,,,Electronic Home Entertainment Equipment Installers and Repairers,,492097
,,,Security and Fire Alarm Systems Installers,,492098
,Vehicle and Mobile Equipment Mechanics Installers and Repairers,,,,493000
,,Aircraft Mechanics and Service Technicians,,,493010
,,,Aircraft Mechanics and Service Technicians,,493011
,,Automotive Technicians and Repairers,,,493020
,,,Automotive Body and Related Repairers,,493021
,,,Automotive Glass Installers and Repairers,,493022
,,,Automotive Service Technicians and Mechanics,,493023
,,Bus and Truck Mechanics and Diesel Engine Specialists,,,493030
,,,Bus and Truck Mechanics and Diesel Engine Specialists,,493031
,,Heavy Vehicle and Mobile Equipment Service Technicians and Mechanics,,,493040
,,,Farm Equipment Mechanics and Service Technicians,,493041
,,,Mobile Heavy Equipment Mechanics Except Engines,,493042
,,,Rail Car Repairers,,493043
,,Small Engine Mechanics,,,493050
,,,Motorboat Mechanics and Service Technicians,,493051
,,,Motorcycle Mechanics,,493052
,,,Outdoor Power Equipment and Other Small Engine Mechanics,,493053
,,Miscellaneous Vehicle and Mobile Equipment Mechanics Installers and Repairers,,,493090
,,,Bicycle Repairers,,493091
,,,Recreational Vehicle Service Technicians,,493092
,,,Tire Repairers and Changers,,493093
,Other Installation Maintenance and Repair Occupations,,,,499000
,,Control and Valve Installers and Repairers,,,499010
,,,Mechanical Door Repairers,,499011
,,,Control and Valve Installers and Repairers Except Mechanical Door,,499012
,,Heating Air Conditioning and Refrigeration Mechanics and Installers,,,499020
,,,Heating Air Conditioning and Refrigeration Mechanics and Installers,,499021
,,Home Appliance Repairers,,,499030
,,,Home Appliance Repairers,,499031
,,Industrial Machinery Installation Repair and Maintenance Workers,,,499040
,,,Industrial Machinery Mechanics,,499041
,,,Maintenance Workers Machinery,,499043
,,,Millwrights,,499044
,,,Refractory Materials Repairers Except Brickmasons,,499045
,,Line Installers and Repairers,,,499050
,,,Electrical PowerLine Installers and Repairers,,499051
,,,Telecommunications Line Installers and Repairers,,499052
,,Precision Instrument and Equipment Repairers,,,499060
,,,Camera and Photographic Equipment Repairers,,499061
,,,Medical Equipment Repairers,,499062
,,,Musical Instrument Repairers and Tuners,,499063
,,,Watch Repairers,,499064
,,,Precision Instrument and Equipment Repairers All Other,,499069
,,Maintenance and Repair Workers General,,,499070
,,,Maintenance and Repair Workers General,,499071
,,Wind Turbine Service Technicians,,,499080
,,,Wind Turbine Service Technicians,,499081
,,Miscellaneous Installation Maintenance and Repair Workers,,,499090
,,,Coin Vending and Amusement Machine Servicers and Repairers,,499091
,,,Commercial Divers,,499092
,,,Fabric Menders Except Garment,,499093
,,,Locksmiths and Safe Repairers,,499094
,,,Manufactured Building and Mobile Home Installers,,499095
,,,Riggers,,499096
,,,Signal and Track Switch Repairers,,499097
,,,HelpersInstallation Maintenance and Repair Workers,,499098
,,,Installation Maintenance and Repair Workers All Other,,499099
Production Occupations,,,,,510000
,Supervisors of Production Workers,,,,511000
,,FirstLine Supervisors of Production and Operating Workers,,,511010
,,,FirstLine Supervisors of Production and Operating Workers,,511011
,Assemblers and Fabricators,,,,512000
,,Aircraft Structure Surfaces Rigging and Systems Assemblers,,,512010
,,,Aircraft Structure Surfaces Rigging and Systems Assemblers,,512011
,,Electrical Electronics and Electromechanical Assemblers,,,512020
,,,Coil Winders Tapers and Finishers,,512021
,,,Electrical and Electronic Equipment Assemblers,,512022
,,,Electromechanical Equipment Assemblers,,512023
,,Engine and Other Machine Assemblers,,,512030
,,,Engine and Other Machine Assemblers,,512031
,,Structural Metal Fabricators and Fitters,,,512040
,,,Structural Metal Fabricators and Fitters,,512041
,,Miscellaneous Assemblers and Fabricators,,,512090
,,,Fiberglass Laminators and Fabricators,,512091
,,,Team Assemblers,,512092
,,,Timing Device Assemblers and Adjusters,,512093
,,,Assemblers and Fabricators All Other,,512099
,Food Processing Workers,,,,513000
,,Bakers,,,513010
,,,Bakers,,513011
,,Butchers and Other Meat Poultry and Fish Processing Workers,,,513020
,,,Butchers and Meat Cutters,,513021
,,,Meat Poultry and Fish Cutters and Trimmers,,513022
,,,Slaughterers and Meat Packers,,513023
,,Miscellaneous Food Processing Workers,,,513090
,,,Food and Tobacco Roasting Baking and Drying Machine Operators and Tenders,,513091
,,,Food Batchmakers,,513092
,,,Food Cooking Machine Operators and Tenders,,513093
,,,Food Processing Workers All Other,,513099
,Metal Workers and Plastic Workers,,,,514000
,,Computer Control Programmers and Operators,,,514010
,,,ComputerControlled Machine Tool Operators Metal and Plastic,,514011
,,,Computer Numerically Controlled Machine Tool Programmers Metal and Plastic,,514012
,,Forming Machine Setters Operators and Tenders Metal and Plastic,,,514020
,,,Extruding and Drawing Machine Setters Operators and Tenders Metal and Plastic,,514021
,,,Forging Machine Setters Operators and Tenders Metal and Plastic,,514022
,,,Rolling Machine Setters Operators and Tenders Metal and Plastic,,514023
,,Machine Tool Cutting Setters Operators and Tenders Metal and Plastic,,,514030
,,,Cutting Punching and Press Machine Setters Operators and Tenders Metal and Plastic,,514031
,,,Drilling and Boring Machine Tool Setters Operators and Tenders Metal and Plastic,,514032
,,,Grinding Lapping Polishing and Buffing Machine Tool Setters Operators and Tenders Metal and Plastic,,514033
,,,Lathe and Turning Machine Tool Setters Operators and Tenders Metal and Plastic,,514034
,,,Milling and Planing Machine Setters Operators and Tenders Metal and Plastic,,514035
,,Machinists,,,514040
,,,Machinists,,514041
,,Metal Furnace Operators Tenders Pourers and Casters,,,514050
,,,MetalRefining Furnace Operators and Tenders,,514051
,,,Pourers and Casters Metal,,514052
,,Model Makers and Patternmakers Metal and Plastic,,,514060
,,,Model Makers Metal and Plastic,,514061
,,,Patternmakers Metal and Plastic,,514062
,,Molders and Molding Machine Setters Operators and Tenders Metal and Plastic,,,514070
,,,Foundry Mold and Coremakers,,514071
,,,Molding Coremaking and Casting Machine Setters Operators and Tenders Metal and Plastic,,514072
,,Multiple Machine Tool Setters Operators and Tenders Metal and Plastic,,,514080
,,,Multiple Machine Tool Setters Operators and Tenders Metal and Plastic,,514081
,,Tool and Die Makers,,,514110
,,,Tool and Die Makers,,514111
,,Welding Soldering and Brazing Workers,,,514120
,,,Welders Cutters Solderers and Brazers,,514121
,,,Welding Soldering and Brazing Machine Setters Operators and Tenders,,514122
,,Miscellaneous Metal Workers and Plastic Workers,,,514190
,,,Heat Treating Equipment Setters Operators and Tenders Metal and Plastic,,514191
,,,Layout Workers Metal and Plastic,,514192
,,,Plating and Coating Machine Setters Operators and Tenders Metal and Plastic,,514193
,,,Tool Grinders Filers and Sharpeners,,514194
,,,Metal Workers and Plastic Workers All Other,,514199
,Printing Workers,,,,515100
,,Printing Workers,,,515110
,,,Prepress Technicians and Workers,,515111
,,,Printing Press Operators,,515112
,,,Print Binding and Finishing Workers,,515113
,Textile Apparel and Furnishings Workers,,,,516000
,,Laundry and DryCleaning Workers,,,516010
,,,Laundry and DryCleaning Workers,,516011
,,Pressers Textile Garment and Related Materials,,,516020
,,,Pressers Textile Garment and Related Materials,,516021
,,Sewing Machine Operators,,,516030
,,,Sewing Machine Operators,,516031
,,Shoe and Leather Workers,,,516040
,,,Shoe and Leather Workers and Repairers,,516041
,,,Shoe Machine Operators and Tenders,,516042
,,Tailors Dressmakers and Sewers,,,516050
,,,Sewers Hand,,516051
,,,Tailors Dressmakers and Custom Sewers,,516052
,,Textile Machine Setters Operators and Tenders,,,516060
,,,Textile Bleaching and Dyeing Machine Operators and Tenders,,516061
,,,Textile Cutting Machine Setters Operators and Tenders,,516062
,,,Textile Knitting and Weaving Machine Setters Operators and Tenders,,516063
,,,Textile Winding Twisting and Drawing Out Machine Setters Operators and Tenders,,516064
,,Miscellaneous Textile Apparel and Furnishings Workers,,,516090
,,,Extruding and Forming Machine Setters Operators and Tenders Synthetic and Glass Fibers,,516091
,,,Fabric and Apparel Patternmakers,,516092
,,,Upholsterers,,516093
,,,Textile Apparel and Furnishings Workers All Other,,516099
,Woodworkers,,,,517000
,,Cabinetmakers and Bench Carpenters,,,517010
,,,Cabinetmakers and Bench Carpenters,,517011
,,Furniture Finishers,,,517020
,,,Furniture Finishers,,517021
,,Model Makers and Patternmakers Wood,,,517030
,,,Model Makers Wood,,517031
,,,Patternmakers Wood,,517032
,,Woodworking Machine Setters Operators and Tenders,,,517040
,,,Sawing Machine Setters Operators and Tenders Wood,,517041
,,,Woodworking Machine Setters Operators and Tenders Except Sawing,,517042
,,Miscellaneous Woodworkers,,,517090
,,,Woodworkers All Other,,517099
,Plant and System Operators,,,,518000
,,Power Plant Operators Distributors and Dispatchers,,,518010
,,,Nuclear Power Reactor Operators,,518011
,,,Power Distributors and Dispatchers,,518012
,,,Power Plant Operators,,518013
,,Stationary Engineers and Boiler Operators,,,518020
,,,Stationary Engineers and Boiler Operators,,518021
,,Water and Wastewater Treatment Plant and System Operators,,,518030
,,,Water and Wastewater Treatment Plant and System Operators,,518031
,,Miscellaneous Plant and System Operators,,,518090
,,,Chemical Plant and System Operators,,518091
,,,Gas Plant Operators,,518092
,,,Petroleum Pump System Operators Refinery Operators and Gaugers,,518093
,,,Plant and System Operators All Other,,518099
,Other Production Occupations,,,,519000
,,Chemical Processing Machine Setters Operators and Tenders,,,519010
,,,Chemical Equipment Operators and Tenders,,519011
,,,Separating Filtering Clarifying Precipitating and Still Machine Setters Operators and Tenders,,519012
,,Crushing Grinding Polishing Mixing and Blending Workers,,,519020
,,,Crushing Grinding and Polishing Machine Setters Operators and Tenders,,519021
,,,Grinding and Polishing Workers Hand,,519022
,,,Mixing and Blending Machine Setters Operators and Tenders,,519023
,,Cutting Workers,,,519030
,,,Cutters and Trimmers Hand,,519031
,,,Cutting and Slicing Machine Setters Operators and Tenders,,519032
,,Extruding Forming Pressing and Compacting Machine Setters Operators and Tenders,,,519040
,,,Extruding Forming Pressing and Compacting Machine Setters Operators and Tenders,,519041
,,Furnace Kiln Oven Drier and Kettle Operators and Tenders,,,519050
,,,Furnace Kiln Oven Drier and Kettle Operators and Tenders,,519051
,,Inspectors Testers Sorters Samplers and Weighers,,,519060
,,,Inspectors Testers Sorters Samplers and Weighers,,519061
,,Jewelers and Precious Stone and Metal Workers,,,519070
,,,Jewelers and Precious Stone and Metal Workers,,519071
,,Medical Dental and Ophthalmic Laboratory Technicians,,,519080
,,,Dental Laboratory Technicians,,519081
,,,Medical Appliance Technicians,,519082
,,,Ophthalmic Laboratory Technicians,,519083
,,Packaging and Filling Machine Operators and Tenders,,,519110
,,,Packaging and Filling Machine Operators and Tenders,,519111
,,Painting Workers,,,519120
,,,Coating Painting and Spraying Machine Setters Operators and Tenders,,519121
,,,Painters Transportation Equipment,,519122
,,,Painting Coating and Decorating Workers,,519123
,,Semiconductor Processors,,,519140
,,,Semiconductor Processors,,519141
,,Photographic Process Workers and Processing Machine Operators,,,519150
,,,Photographic Process Workers and Processing Machine Operators,,519151
,,Miscellaneous Production Workers,,,519190
,,,Adhesive Bonding Machine Operators and Tenders,,519191
,,,Cleaning Washing and Metal Pickling Equipment Operators and Tenders,,519192
,,,Cooling and Freezing Equipment Operators and Tenders,,519193
,,,Etchers and Engravers,,519194
,,,Molders Shapers and Casters Except Metal and Plastic,,519195
,,,Paper Goods Machine Setters Operators and Tenders,,519196
,,,Tire Builders,,519197
,,,HelpersProduction Workers,,519198
,,,Production Workers All Other,,519199
Transportation and Material Moving Occupations,,,,,530000
,Supervisors of Transportation and Material Moving Workers,,,,531000
,,Aircraft Cargo Handling Supervisors,,,531010
,,,Aircraft Cargo Handling Supervisors,,531011
,,FirstLine Supervisors of Helpers Laborers and Material Movers Hand,,,531020
,,,FirstLine Supervisors of Helpers Laborers and Material Movers Hand,,531021
,,FirstLine Supervisors of Transportation and MaterialMoving Machine and Vehicle Operators,,,531030
,,,FirstLine Supervisors of Transportation and MaterialMoving Machine and Vehicle Operators,,531031
,Air Transportation Workers,,,,532000
,,Aircraft Pilots and Flight Engineers,,,532010
,,,Airline Pilots Copilots and Flight Engineers,,532011
,,,Commercial Pilots,,532012
,,Air Traffic Controllers and Airfield Operations Specialists,,,532020
,,,Air Traffic Controllers,,532021
,,,Airfield Operations Specialists,,532022
,,Flight Attendants,,,532030
,,,Flight Attendants,,532031
,Motor Vehicle Operators,,,,533000
,,Ambulance Drivers and Attendants Except Emergency Medical Technicians,,,533010
,,,Ambulance Drivers and Attendants Except Emergency Medical Technicians,,533011
,,Bus Drivers,,,533020
,,,Bus Drivers Transit and Intercity ,,533021
,,,Bus Drivers School or Special Client ,,533022
,,Driver Sales Workers and Truck Drivers,,,533030
,,,Driver Sales Workers,,533031
,,,Heavy and TractorTrailer Truck Drivers,,533032
,,,Light Truck or Delivery Services Drivers,,533033
,,Taxi Drivers and Chauffeurs,,,533040
,,,Taxi Drivers and Chauffeurs,,533041
,,Miscellaneous Motor Vehicle Operators,,,533090
,,,Motor Vehicle Operators All Other,,533099
,Rail Transportation Workers,,,,534000
,,Locomotive Engineers and Operators,,,534010
,,,Locomotive Engineers,,534011
,,,Locomotive Firers,,534012
,,,Rail Yard Engineers Dinkey Operators and Hostlers,,534013
,,Railroad Brake Signal and Switch Operators,,,534020
,,,Railroad Brake Signal and Switch Operators,,534021
,,Railroad Conductors and Yardmasters,,,534030
,,,Railroad Conductors and Yardmasters,,534031
,,Subway and Streetcar Operators,,,534040
,,,Subway and Streetcar Operators,,534041
,,Miscellaneous Rail Transportation Workers,,,534090
,,,Rail Transportation Workers All Other,,534099
,Water Transportation Workers,,,,535000
,,Sailors and Marine Oilers,,,535010
,,,Sailors and Marine Oilers,,535011
,,Ship and Boat Captains and Operators,,,535020
,,,Captains Mates and Pilots of Water Vessels,,535021
,,,Motorboat Operators,,535022
,,Ship Engineers,,,535030
,,,Ship Engineers,,535031
,Other Transportation Workers,,,,536000
,,Bridge and Lock Tenders,,,536010
,,,Bridge and Lock Tenders,,536011
,,Parking Lot Attendants,,,536020
,,,Parking Lot Attendants,,536021
,,Automotive and Watercraft Service Attendants,,,536030
,,,Automotive and Watercraft Service Attendants,,536031
,,Traffic Technicians,,,536040
,,,Traffic Technicians,,536041
,,Transportation Inspectors,,,536050
,,,Transportation Inspectors,,536051
,,Transportation Attendants Except Flight Attendants,,,536060
,,,Transportation Attendants Except Flight Attendants ,,536061
,,Miscellaneous Transportation Workers,,,536090
,,,Transportation Workers All Other,,536099
,Material Moving Workers,,,,537000
,,Conveyor Operators and Tenders,,,537010
,,,Conveyor Operators and Tenders,,537011
,,Crane and Tower Operators,,,537020
,,,Crane and Tower Operators,,537021
,,Dredge Excavating and Loading Machine Operators,,,537030
,,,Dredge Operators,,537031
,,,Excavating and Loading Machine and Dragline Operators,,537032
,,,Loading Machine Operators Underground Mining,,537033
,,Hoist and Winch Operators,,,537040
,,,Hoist and Winch Operators,,537041
,,Industrial Truck and Tractor Operators,,,537050
,,,Industrial Truck and Tractor Operators,,537051
,,Laborers and Material Movers Hand,,,537060
,,,Cleaners of Vehicles and Equipment,,537061
,,,Laborers and Freight Stock and Material Movers Hand,,537062
,,,Machine Feeders and Offbearers,,537063
,,,Packers and Packagers Hand,,537064
,,Pumping Station Operators,,,537070
,,,Gas Compressor and Gas Pumping Station Operators,,537071
,,,Pump Operators Except Wellhead Pumpers,,537072
,,,Wellhead Pumpers,,537073
,,Refuse and Recyclable Material Collectors,,,537080
,,,Refuse and Recyclable Material Collectors,,537081
,,Mine Shuttle Car Operators,,,537110
,,,Mine Shuttle Car Operators,,537111
,,Tank Car Truck and Ship Loaders,,,537120
,,,Tank Car Truck and Ship Loaders,,537121
,,Miscellaneous Material Moving Workers,,,537190
,,,Material Moving Workers All Other,,537199
Military Specific Occupations,,,,,550000
,Military Officer Special and Tactical Operations Leaders,,,,551000
,,Military Officer Special and Tactical Operations Leaders,,,551010
,,,Air Crew Officers,,551011
,,,Aircraft Launch and Recovery Officers,,551012
,,,Armored Assault Vehicle Officers,,551013
,,,Artillery and Missile Officers,,551014
,,,Command and Control Center Officers,,551015
,,,Infantry Officers,,551016
,,,Special Forces Officers,,551017
,,,Military Officer Special and Tactical Operations Leaders All Other,,551019
,FirstLine Enlisted Military Supervisors,,,,552000
,,FirstLine Enlisted Military Supervisors,,,552010
,,,FirstLine Supervisors of Air Crew Members,,552011
,,,FirstLine Supervisors of Weapons Specialists Crew Members,,552012
,,,FirstLine Supervisors of All Other Tactical Operations Specialists,,552013
,Military Enlisted Tactical Operations and Air Weapons Specialists and Crew Members,,,,553000
,,Military Enlisted Tactical Operations and Air Weapons Specialists and Crew Members,,,553010
,,,Air Crew Members,,553011
,,,Aircraft Launch and Recovery Specialists,,553012
,,,Armored Assault Vehicle Crew Members,,553013
,,,Artillery and Missile Crew Members,,553014
,,,Command and Control Center Specialists,,553015
,,,Infantry,,553016
,,,Radar and Sonar Technicians,,553017
,,,Special Forces,,553018
,,,Military Enlisted Tactical Operations and Air Weapons Specialists and Crew Members All Other,,553019